 	36310014	0.09666023651395755	0.09666023651395755
a	33320642	0.08870228297121857	0.18536251948517612
e	30252861	0.08053559823700102	0.26589811772217714
i	25864167	0.06885253471553318	0.3347506524377103
n	23385880	0.06225513137744947	0.3970057838151598
o	23378707	0.062236036262902986	0.45924182007806275
r	21991705	0.058543723135033296	0.517785543213096
s	20999753	0.05590306552111739	0.5736886087342133
t	20137119	0.053606663033776536	0.6272952717679898
l	17176794	0.045726034988351344	0.6730213067563412
c	11880230	0.031626147035917256	0.7046474537922585
m	10563939	0.028122072391903244	0.7327695261841617
h	10539396	0.0280567369121438	0.7608262630963055
u	10111421	0.02691743234668533	0.7877436954429908
d	9961382	0.026518016217946916	0.8142617116609377
g	7482254	0.01991837406885894	0.8341800857297967
p	6798041	0.018096942923006874	0.8522770286528036
b	6551414	0.017440401613198295	0.8697174302660019
y	5403582	0.014384778649288424	0.8841022089152903
f	5299159	0.014106796055354504	0.8982090049706448
k	4518332	0.012028170514298971	0.9102371754849438
v	3573993	0.00951426261304192	0.9197514380979857
w	3523539	0.009379949925278285	0.9291313880232639
)	2397236	0.006381638925828383	0.9355130269490923
(	2396909	0.006380768424997949	0.9418937953740902
1	2088183	0.005558914481950501	0.9474527098560407
0	1746073	0.004648189591737293	0.952100899447778
j	1741703	0.004636556293177673	0.9567374557409557
-	1655746	0.004407731706383786	0.9611451874473395
2	1640948	0.004368338216204092	0.9655135256635435
,	1388436	0.0036961305535297556	0.9692096562170733
z	1290625	0.0034357496461121296	0.9726454058631855
9	1239453	0.0032995255834364105	0.9759449314466219
.	1141708	0.0030393203734341017	0.978984251820056
x	741605	0.001974213358880376	0.9809584651789364
'	677912	0.0018046573668533974	0.9827631225457898
8	617880	0.0016448472572124068	0.9844079698030022
3	609629	0.0016228824182157415	0.9860308522212179
4	564892	0.0015037888535334222	0.9875346410747513
5	535419	0.0014253293092662163	0.9889599703840175
6	530411	0.0014119976023585323	0.9903719679863761
7	522650	0.0013913371835664926	0.9917633051699426
q	454906	0.001210997097153925	0.9929743022670965
‚Äì	363251	0.0009670039668376772	0.9939413062339342
√©	203001	0.0005404053182840937	0.9944817115522183
:	155810	0.00041477900425044526	0.9948964905564688
√°	114046	0.00030359980950353814	0.9952000903659723
&	95630	0.0002545749064660168	0.9954546652724383
√≥	83157	0.0002213707570531691	0.9956760360294915
/	81972	0.0002182161898236153	0.9958942522193152
√≠	77933	0.0002074640404226298	0.9961017162597378
√º	58528	0.00015580633823740491	0.9962575225979752
√∂	54586	0.0001453124107952943	0.9964028350087705
"	43587	0.00011603217032452447	0.996518867179095
!	35491	9.447995404564888e-05	0.9966133471331406
≈ç	32888	8.755055446883155e-05	0.9967008976876095
√ß	32642	8.689568228446848e-05	0.996787793369894
≈°	32481	8.64670870743772e-05	0.9968742604569684
√§	31966	8.509611481849518e-05	0.9969593565717869
ƒ±	30543	8.130797206098036e-05	0.9970406645438479
≈Ç	30261	8.055726492280806e-05	0.9971212218087707
ƒá	30165	8.030170504598344e-05	0.9972015235138167
≈ü	27359	7.283190281296407e-05	0.9972743554166297
√®	26453	7.04200564754318e-05	0.9973447754731051
ƒç	24743	6.58678961694934e-05	0.9974106433692745
ƒÉ	24046	6.401242498046472e-05	0.997474655794255
‚Äô	21292	5.668105101405866e-05	0.9975313368452691
√±	21224	5.650002943464123e-05	0.9975878368747038
√∫	20748	5.5232878378719196e-05	0.9976430697530825
ƒÅ	19809	5.2733183333528464e-05	0.997695802936416
√¢	19246	5.123443113923413e-05	0.9977470373675552
√∏	18089	4.815440220708751e-05	0.9977951917697623
√£	16222	4.318429501925886e-05	0.9978383760647815
»ô	16055	4.273972731686605e-05	0.9978811157920984
?	13341	3.551483663247025e-05	0.9979166306287308
–∞	13003	3.46150528994836e-05	0.9979512456816303
≈æ	12937	3.443935548416668e-05	0.9979856850371145
+	12124	3.227508277730825e-05	0.9980179601198917
≈´	11898	3.1673452233950306e-05	0.9980496335721257
√†	11721	3.120226371105493e-05	0.9980808358358367
√•	11637	3.09786488188334e-05	0.9981118144846556
√¥	10758	2.8638678696658044e-05	0.9981404531633522
√´	10018	2.666873797946833e-05	0.9981671219013317
–∏	9991	2.659686176411141e-05	0.9981937187630958
–æ	9885	2.6314681066784233e-05	0.9982200334441625
ƒü	9718	2.587011336439142e-05	0.998245903557527
≈Ñ	8451	2.2497255406716597e-05	0.9982684008129337
≈õ	8201	2.1831734894152502e-05	0.9982902325478278
ƒ´	7969	2.1214131858493024e-05	0.9983114466796863
–µ	7875	2.0963896145768926e-05	0.9983324105758321
—Ä	7722	2.05565975920797e-05	0.9983529671734241
–Ω	7591	2.0207864843496115e-05	0.9983731750382676
ƒô	7469	1.988309083336484e-05	0.998393058129101
√ü	7402	1.970473133599766e-05	0.9984127628604369
ÿß	7377	1.9638179284741252e-05	0.9984324010397216
»õ	7267	1.934535025921305e-05	0.9984517463899808
√™	7266	1.9342688177162796e-05	0.998471089078158
◊ô	7147	1.902590041318229e-05	0.9984901149785711
√ó	7103	1.890876880297101e-05	0.998509023747374
√¶	6969	1.8552049808236655e-05	0.9985275757971823
—Å	6732	1.7921136362325894e-05	0.9985454969335447
–≤	6694	1.781997724441615e-05	0.998563316910789
≈º	6283	1.672586152176078e-05	0.9985800427723108
–∫	6163	1.6406411675730016e-05	0.9985964491839866
…ô	5694	1.515789519415978e-05	0.9986116070791807
–ª	5531	1.4723975819967991e-05	0.9986263310550006
ƒë	5475	1.4574899225153635e-05	0.9986409059542258
≈£	5343	1.4223504394519793e-05	0.9986551294586203
◊ï	5117	1.3621873851161854e-05	0.9986687513324715
ŸÑ	4922	1.310276785136186e-05	0.9986818541003228
√Ø	4849	1.2908435861693145e-05	0.9986947625361845
Œ±	4814	1.2815262989934173e-05	0.9987075777991744
≈ô	4787	1.274338677457725e-05	0.998720321185949
—Ç	4740	1.26182689182152e-05	0.9987329394548672
ƒÖ	4715	1.2551716866958792e-05	0.9987454911717342
√Ω	4608	1.226687408758136e-05	0.9987577580458218
Ãá	4492	1.1958072569751621e-05	0.9987697161183915
√Æ	4406	1.1729133513429573e-05	0.9987814452519049
◊®	4350	1.1580056918615216e-05	0.9987930253088235
√∞	3988	1.061638321642241e-05	0.99880364169204
*	3904	1.0392768324200875e-05	0.9988140344603641
Ÿä	3741	9.958848950009085e-06	0.9988239933093142
‚Äî	3691	9.825744847496268e-06	0.9988338190541617
ŸÖ	3576	9.519605411716784e-06	0.9988433386595734
ƒõ	3488	9.285342191294225e-06	0.9988526240017647
–º	3445	9.1708726631332e-06	0.9988617948744278
ÿ±	3337	8.883367801705512e-06	0.9988706782422295
◊ê	3316	8.827464078650128e-06	0.9988795057063081
 ª	3308	8.806167422248078e-06	0.9988883118737304
–¥	3287	8.750263699192693e-06	0.9988970621374296
◊ú	3266	8.69435997613731e-06	0.9989057564974058
◊î	3194	8.50269006851885e-06	0.9989142591874742
ƒó	3174	8.449448427513722e-06	0.9989227086359017
√≤	3092	8.231157699392701e-06	0.9989309397936011
ŸÜ	3055	8.132660663533215e-06	0.9989390724542647
√µ	2992	7.964949494367064e-06	0.9989470374037591
◊ë	2824	7.517719709923993e-06	0.9989545551234691
√¨	2741	7.296766899752715e-06	0.9989618518903688
≈ë	2712	7.21956652029528e-06	0.9989690714568891
◊û	2618	6.9693308075711805e-06	0.9989760407876966
—É	2570	6.841550869158875e-06	0.9989828823385658
Œ≤	2565	6.828240458907593e-06	0.9989897105790247
Ÿà	2463	6.556708089781443e-06	0.9989962672871145
≈∫	2456	6.538073515429649e-06	0.99900280536063
ÿ®	2354	6.266541146303499e-06	0.9990090719017763
ÿØ	2348	6.250568654001961e-06	0.9990153224704303
–±	2264	6.026953761780425e-06	0.9990213494241921
–ø	2237	5.955077546423503e-06	0.9990273045017385
–≥	2224	5.92047047977017e-06	0.9990332249722182
–π	2125	5.6569243567947895e-06	0.9990388818965751
ƒì	2085	5.550441074784535e-06	0.9990444323376498
—á	2075	5.523820254281971e-06	0.9990499561579042
·∏•	2072	5.5158340081312015e-06	0.9990554719919122
◊©	2037	5.422661136372229e-06	0.9990608946530486
◊†	2001	5.326826182563e-06	0.9990662214792312
‚Äò	1998	5.3188399364122304e-06	0.9990715403191676
@	1960	5.2176808185024884e-06	0.9990767579999861
ÿ≥	1926	5.1271700287937714e-06	0.9990818851700148
◊ì	1892	5.036659239085055e-06	0.999086921829254
`	1876	4.994065926280953e-06	0.9990919158951802
—è	1826	4.860961823768134e-06	0.9990967768570039
◊™	1819	4.84232724941634e-06	0.9991016191842533
√π	1812	4.8236926750645455e-06	0.9991064428769284
ÃÅ	1798	4.786423526360956e-06	0.9991112293004548
∆∞	1769	4.709223146903521e-06	0.9991159385236017
;	1762	4.690588572551727e-06	0.9991206291121743
≈è	1732	4.610726111044036e-06	0.9991252398382853
Œº	1732	4.610726111044036e-06	0.9991298505643963
◊ü	1715	4.565470716189678e-06	0.9991344160351124
¬∞	1697	4.517553239285062e-06	0.9991389335883517
◊¢	1676	4.461649516229678e-06	0.9991433952378679
Œø	1573	4.1874550650532725e-06	0.9991475826929329
ÿπ	1570	4.179468818902503e-06	0.9991517621617518
÷º	1516	4.0357163881886596e-06	0.99915579787814
 ø	1510	4.019743895887121e-06	0.9991598176220359
$	1503	4.0011093215353265e-06	0.9991638187313574
Â∏Ç	1499	3.990460993334301e-06	0.9991678091923507
„Éº	1487	3.958516008731225e-06	0.9991717677083595
√ª	1482	3.9452055984799425e-06	0.9991757129139579
~	1453	3.868005219022508e-06	0.9991795809191769
—å	1426	3.796129003665586e-06	0.9991833770481806
€å	1396	3.716266542157895e-06	0.9991870933147228
‚àí	1377	3.6656869832030234e-06	0.999190759001706
ÿ≠	1347	3.5858245216953327e-06	0.9991943448262276
 º	1339	3.5645278652932814e-06	0.9991979093540929
∆°	1335	3.553879537092256e-06	0.99920146323363
◊ß	1327	3.5325828806902052e-06	0.9992049958165107
–∑	1306	3.4766791576348213e-06	0.9992084724956684
ŒΩ	1297	3.452720419182514e-06	0.9992119252160875
√æ	1275	3.3941546140768737e-06	0.9992153193707015
÷∏	1272	3.3861683679261047e-06	0.9992187055390694
Œπ	1250	3.3276025628204644e-06	0.9992220331416323
‚Äç	1201	3.197160542357902e-06	0.9992252303021746
·π≠	1191	3.1705397218553385e-06	0.9992284008418965
÷∞	1191	3.1705397218553385e-06	0.9992315713816183
ÿ™	1179	3.138594737252262e-06	0.9992347099763556
≈à	1179	3.138594737252262e-06	0.9992378485710928
◊ó	1177	3.1332705731517494e-06	0.9992409818416659
œÇ	1174	3.1252843270009804e-06	0.9992441071259929
ÿ©	1170	3.1146359987999546e-06	0.9992472217619917
Œ∫	1164	3.0986635064984167e-06	0.9992503204254981
Œª	1157	3.080028932146622e-06	0.9992534004544302
≈ì	1151	3.0640564398450836e-06	0.99925646451087
◊í	1145	3.0480839475435453e-06	0.9992595125948176
Œµ	1144	3.0454218654932892e-06	0.9992625580166831
·π£	1143	3.0427597834430328e-06	0.9992656007764665
·∫°	1138	3.029449373191751e-06	0.9992686302258397
÷∑	1137	3.0267872911414945e-06	0.9992716570131308
œÑ	1129	3.0054906347394436e-06	0.9992746625037655
÷¥	1125	2.994842306538418e-06	0.9992776573460721
◊°	1124	2.9921802244881618e-06	0.9992806495262966
Â§ß	1120	2.981531896287136e-06	0.9992836310581928
·ªÖ	1115	2.968221486035854e-06	0.9992865992796789
œÅ	1096	2.917641927080983e-06	0.999289516921606
◊§	1050	2.7951861527691903e-06	0.9992923121077587
—ã	1043	2.7765515784173955e-06	0.9992950886593371
œÉ	1028	2.73662034766355e-06	0.9992978252796848
‰∏≠	1019	2.7126616092112427e-06	0.999300537941294
„É≥	1019	2.7126616092112427e-06	0.9993032506029033
Œ¥	994	2.6461095579548334e-06	0.9993058967124612
—Ö	990	2.635461229753808e-06	0.999308532173691
‚Äù	983	2.616826655402013e-06	0.9993111490003463
Ÿá	976	2.598192081050219e-06	0.9993137471924274
‚Äú	943	2.5103433733917583e-06	0.9993162575358008
ŸÅ	927	2.4677500605876562e-06	0.9993187252858614
◊ù	911	2.4251567477835546e-06	0.9993211504426092
≈Ü	879	2.3399701221753505e-06	0.9993234904127314
ÿ¨	874	2.3266597119240686e-06	0.9993258170724433
œÄ	869	2.3133493016727868e-06	0.999328130421745
—Ü	860	2.2893905632204795e-06	0.9993304198123082
—ñ	859	2.286728481170223e-06	0.9993327065407893
ÿ¥	851	2.2654318247681723e-06	0.9993349719726141
·∫£	850	2.262769742717916e-06	0.9993372347423568
«é	846	2.2521214145168904e-06	0.9993394868637713
◊õ	845	2.249459332466634e-06	0.9993417363231037
≈≠	834	2.2201764299138137e-06	0.9993439564995337
‚Ä¶	832	2.2148522658133013e-06	0.9993461713517995
%	830	2.2095281017127883e-06	0.9993483808799012
Œ≥	829	2.206866019662532e-06	0.9993505877459209
·ªã	827	2.2015418555620194e-06	0.9993527892877765
◊ò	811	2.1589485427579173e-06	0.9993549482363192
‚Ä≤	808	2.1509622966071484e-06	0.9993570991986158
—à	801	2.1323277222553536e-06	0.9993592315263381
ŸÇ	789	2.100382737652277e-06	0.9993613319090757
=	776	2.0657756709989443e-06	0.9993633976847467
Œ∑	766	2.0391548504963806e-06	0.9993654368395972
·ªá	734	1.953968224888177e-06	0.9993673908078221
Ô∏è	733	1.9513061428379205e-06	0.999369342113965
◊¶	731	1.9459819787374075e-06	0.9993712880959438
◊ñ	721	1.919361158234844e-06	0.999373207457102
ƒæ	711	1.89274033773228e-06	0.9993751001974397
≈Ø	697	1.855471189028691e-06	0.9993769556686287
·∫ß	685	1.8235262044256145e-06	0.9993787791948332
¬µ	682	1.8155399582748454e-06	0.9993805947347915
ÿ≤	653	1.7383395788174107e-06	0.9993823330743703
·∫ø	652	1.7356774967671542e-06	0.999384068751867
„ÅÆ	650	1.7303533326666415e-06	0.9993857991051996
„Çπ	647	1.7223670865158723e-06	0.9993875214722862
Â±±	647	1.7223670865158723e-06	0.9993892438393727
÷π	638	1.698408348063565e-06	0.9993909422477207
·ªì	629	1.6744496096112578e-06	0.9993926166973304
ŸÉ	622	1.655815035259463e-06	0.9993942725123657
ÂõΩ	597	1.5892629840030537e-06	0.9993958617753497
„É´	594	1.5812767378522848e-06	0.9993974430520876
—Ñ	586	1.5599800814502337e-06	0.999399003032169
„Ç§	577	1.5360213429979265e-06	0.999400539053512
–∂	571	1.5200488506963882e-06	0.9994020591023627
’°	569	1.5147246865958755e-06	0.9994035738270493
 Ω	564	1.5014142763445936e-06	0.9994050752413256
Âúã	562	1.4960901122440809e-06	0.9994065713314378
¬≤	561	1.4934280301938244e-06	0.9994080647594681
œÖ	559	1.4881038660933117e-06	0.9994095528633342
‡§æ	556	1.4801176199425426e-06	0.9994110329809541
Áî∞	555	1.4774555378922861e-06	0.999412510436492
^	552	1.4694692917415172e-06	0.9994139799057837
Á´ô	546	1.4534967994399788e-06	0.9994154334025832
‡¶æ	545	1.4508347173897224e-06	0.9994168842373006
·πá	538	1.4322001430379278e-06	0.9994183164374436
÷µ	516	1.3736343379322877e-06	0.9994196900717816
ÿ∑	510	1.3576618456307496e-06	0.9994210477336272
¬∑	506	1.347013517429724e-06	0.9994223947471446
¬°	502	1.3363651892286985e-06	0.9994237311123337
œâ	502	1.3363651892286985e-06	0.9994250674775229
·ªç	493	1.3124064507763913e-06	0.9994263798839736
·∫Ø	491	1.3070822866758784e-06	0.9994276869662603
ÿ£	489	1.3017581225753657e-06	0.9994289887243829
Â≠ê	486	1.2937718764245965e-06	0.9994302824962593
Ÿé	484	1.2884477123240838e-06	0.9994315709439716
œÜ	483	1.2857856302738275e-06	0.9994328567296019
„ÉÉ	481	1.2804614661733146e-06	0.9994341371910681
„ÇØ	480	1.2777993841230584e-06	0.9994354149904522
·ªô	465	1.2378681533692128e-06	0.9994366528586055
Œ¨	464	1.2352060713189563e-06	0.9994378880646768
„É©	463	1.2325439892687e-06	0.9994391206086661
‡§∞	453	1.2059231687661364e-06	0.9994403265318349
‰∫∫	452	1.20326108671588e-06	0.9994415297929217
Âçó	451	1.2005990046656237e-06	0.9994427303919263
ŒØ	444	1.1819644303138289e-06	0.9994439123563567
Œ∏	442	1.1766402662133162e-06	0.9994450889966229
Âåó	434	1.1553436098112652e-06	0.9994462443402327
ÿµ	433	1.152681527761009e-06	0.9994473970217604
‡•ç	432	1.1500194457107525e-06	0.9994485470412061
„É™	432	1.1500194457107525e-06	0.9994496970606518
ƒ©	431	1.1473573636604962e-06	0.9994508444180155
ÿÆ	428	1.139371117509727e-06	0.999451983789133
„Éà	425	1.131384871358958e-06	0.9994531151740044
 æ	422	1.1233986252081887e-06	0.9994542385726296
«î	418	1.1127502970071633e-06	0.9994553513229266
Êµ∑	417	1.1100882149569069e-06	0.9994564614111415
‡Øç	410	1.0914536406051123e-06	0.9994575528647821
·Éò	410	1.0914536406051123e-06	0.9994586443184227
—ò	409	1.088791558554856e-06	0.9994597331099813
÷∂	408	1.0861294765045996e-06	0.9994608192394577
„Ç¢	406	1.080805312404087e-06	0.9994619000447701
≈•	404	1.0754811483035742e-06	0.9994629755259183
≈©	403	1.0728190662533177e-06	0.9994640483449846
ƒº	401	1.067494902152805e-06	0.9994651158398867
Êó•	397	1.0568465739517794e-06	0.9994661726864607
Â∑û	396	1.0541844919015232e-06	0.9994672268709526
Êñ∞	395	1.0515224098512667e-06	0.9994682783933624
·∫≠	392	1.0435361637004976e-06	0.9994693219295261
¬¥	391	1.0408740816502413e-06	0.9994703628036078
·ªë	390	1.0382119995999849e-06	0.9994714010156074
Ê∞ë	390	1.0382119995999849e-06	0.999472439227607
\	387	1.0302257534492157e-06	0.9994734694533605
·∏ç	386	1.0275636713989595e-06	0.9994744970170318
·Éê	386	1.0275636713989595e-06	0.9994755245807032
¬ø	383	1.0195774252481903e-06	0.9994765441581285
«ê	382	1.0169153431979338e-06	0.9994775610734716
„Éâ	378	1.0062670149969084e-06	0.9994785673404867
üè¥	378	1.0062670149969084e-06	0.9994795736075017
Û†Åø	376	1.0009428508963957e-06	0.9994805745503527
œå	366	9.74322030393832e-07	0.999481548872383
—é	358	9.53025373991781e-07	0.999482501897757
œá	353	9.397149637404991e-07	0.9994834416127207
Êù±	353	9.397149637404991e-07	0.9994843813276845
·ªõ	351	9.343907996399864e-07	0.9994853157184841
≈≥	350	9.317287175897301e-07	0.9994862474472017
‰∏Ä	346	9.210803893887046e-07	0.9994871685275911
ÂÆâ	341	9.077699791374227e-07	0.9994880762975703
„Éª	338	8.997837329866535e-07	0.9994889760813033
◊Å	336	8.944595688861408e-07	0.9994898705408721
Êñá	335	8.917974868358845e-07	0.999490762338359
Êú¨	332	8.838112406851153e-07	0.9994916461495996
Ë•ø	332	8.838112406851153e-07	0.9994925299608403
Êùé	331	8.81149158634859e-07	0.9994934111099989
Â§©	329	8.758249945343463e-07	0.9994942869349934
⁄©	328	8.731629124840899e-07	0.999495160097906
·ª©	328	8.731629124840899e-07	0.9994960332608185
¬Ω	327	8.705008304338335e-07	0.9994969037616489
‰ºö	323	8.59852502232808e-07	0.9994977636141511
‡∏£	322	8.571904201825516e-07	0.9994986208045713
Âíå	322	8.571904201825516e-07	0.9994994779949915
Âå∫	321	8.545283381322952e-07	0.9995003325233296
